Point Name,Code,Original Latitude,Original Longitude,Original Altitude,Station Correction x,Station Correction y,Station Correction h,Latitude,Longitude,Altitude,Antenna Height,Northing,Easting,Elevation,Solution Status,Used satellites,Tracked satellites,PDOP,HRMS,VRMS,AGE,Local date,Local time,Base ID,Base Latitude,Base Longitude,Base Altitude,Base North,Base East,Base Height,Distance to Ref,Inclination correction,Inclined angle,Projected angle,Correction x,Correction y,Correction h,Target,Station.,Offset,Elevation diff.,Dist to start,Tower Name,Tower No.,Azimuth,Pitch Angle
1,,42°23'03.8461",21°10'11.4654",615.516,0.000,0.000,0.000,42°23'03.8461",21°10'11.4654",615.516,2.07,4693879.615,7513985.918,615.516,FIXED,27,29,0.97,0.005,0.006,1,2025-03-25,10:25:23,3179,42°23'03.7773",21°10'11.3371",617.163,4693877.485,7513982.988,617.163,3.648,0,0°00'00",0°00'00",0.00000000,0.00000000,0,,238.513,0.006,615.516,,,,233°57'06.5121",22°27'37.2223"
2,,42°23'03.9719",21°10'11.6123",615.512,0.000,0.000,0.000,42°23'03.9719",21°10'11.6123",615.512,2.07,4693883.503,7513989.269,615.512,FIXED,27,29,0.97,0.005,0.008,1,2025-03-25,10:26:46,3179,42°23'03.7773",21°10'11.3371",617.163,4693877.485,7513982.988,617.163,8.711,0,0°00'00",0°00'00",0.00000000,0.00000000,0,,3.898,-0.003,615.512,,,,226°15'54.0123",10°27'31.3021"
3,,42°23'02.3894",21°10'13.1575",615.411,0.000,0.000,0.000,42°23'02.3894",21°10'13.1575",615.411,2.07,4693834.749,7514024.711,615.411,FIXED,30,33,1.05,0.006,0.006,1,2025-03-25,10:40:41,3179,42°23'03.7773",21°10'11.3371",617.163,4693877.485,7513982.988,617.163,59.738,0,0°00'00",0°00'00",0.00000000,0.00000000,0,,64.173,-0.005,615.411,,,,315°41'29.459",1°41'05.7791"
4,,42°23'02.2843",21°10'12.9900",615.637,0.000,0.000,0.000,42°23'02.2843",21°10'12.9900",615.637,2.07,4693831.498,7514020.885,615.637,FIXED,28,31,1.05,0.005,0.005,1,2025-03-25,10:41:39,3179,42°23'03.7773",21°10'11.3371",617.163,4693877.485,7513982.988,617.163,59.604,0,0°00'00",0°00'00",0.00000000,0.00000000,0,,179.033,-0.001,615.637,,,,320°30'07.746",1°27'58.6686"
5,,42°23'00.9403",21°10'14.5717",616.435,0.000,0.000,0.000,42°23'00.9403",21°10'14.5717",616.435,2.07,4693790.106,7514057.146,616.435,FIXED,28,30,1.06,0.006,0.007,1,2025-03-25,10:44:14,3179,42°23'03.7773",21°10'11.3371",617.163,4693877.485,7513982.988,617.163,114.636,0,0°00'00",0°00'00",0.00000000,0.00000000,0,,0,0,616.435,,,,319°40'43.6101",0°21'57.2989"
6,,42°23'00.8489",21°10'14.3920",616.492,0.000,0.000,0.000,42°23'00.8489",21°10'14.3920",616.492,2.07,4693787.275,7514053.043,616.492,FIXED,28,31,1.07,0.011,0.012,1,2025-03-25,10:45:22,3179,42°23'03.7773",21°10'11.3371",617.163,4693877.485,7513982.988,617.163,114.247,0,0°00'00",0°00'00",0.00000000,0.00000000,0,,0,0,616.492,,,,322°10'06.4745",0°20'12.7496"
7,,42°23'00.5996",21°10'13.8998",616.554,0.000,0.000,0.000,42°23'00.5996",21°10'13.8998",616.554,2.07,4693779.564,7514041.801,616.554,FIXED,29,32,1.07,0.006,0.007,1,2025-03-25,10:46:05,3179,42°23'03.7773",21°10'11.3371",617.163,4693877.485,7513982.988,617.163,114.257,0,0°00'00",0°00'00",0.00000000,0.00000000,0,,37.004,-0.009,616.554,,,,329°00'33.7755",0°18'26.1498"
8,,42°23'00.5142",21°10'13.7308",616.711,0.000,0.000,0.000,42°23'00.5142",21°10'13.7308",616.711,2.07,4693776.918,7514037.939,616.711,FIXED,29,32,1.07,0.005,0.006,1,2025-03-25,10:46:53,3179,42°23'03.7773",21°10'11.3371",617.163,4693877.485,7513982.988,617.163,114.634,0,0°00'00",0°00'00",0.00000000,0.00000000,0,,0,0,616.711,,,,331°20'46.7322",0°13'34.8162"
9,,42°23'01.3142",21°10'15.1970",616.360,0.000,0.000,0.000,42°23'01.3142",21°10'15.1970",616.360,2.27,4693801.671,7514071.426,616.360,FIXED,30,33,0.9,0.007,0.008,1,2025-03-25,10:48:18,3179,42°23'03.7773",21°10'11.3371",617.163,4693877.485,7513982.988,617.163,116.519,0,0°00'00",0°00'00",0.00000000,0.00000000,0,,0,0,616.36,,,,310°36'04.6596",0°23'46.6401"
10,objekt,42°23'01.3659",21°10'15.0042",616.487,0.000,0.000,0.000,42°23'01.3659",21°10'15.0042",616.487,2.07,4693803.255,7514067.012,616.487,FIXED,30,33,0.9,0.005,0.005,1,2025-03-25,10:49:51,3179,42°23'03.7773",21°10'11.3371",617.163,4693877.485,7513982.988,617.163,112.147,0,0°00'00",0°00'00",0.00000000,0.00000000,0,,0,0,616.487,,,,311°23'23.4489",0°20'46.3294"
11,objekt,42°23'01.0959",21°10'14.5003",616.550,0.000,0.000,0.000,42°23'01.0959",21°10'14.5003",616.550,2.07,4693794.902,7514055.505,616.550,FIXED,29,31,0.93,0.005,0.006,1,2025-03-25,10:52:11,3179,42°23'03.7773",21°10'11.3371",617.163,4693877.485,7513982.988,617.163,109.934,0,0°00'00",0°00'00",0.00000000,0.00000000,0,,0,0,616.55,,,,318°42'40.0189",0°19'00.4087"
12,objekt,42°23'01.2618",21°10'14.3393",616.341,0.000,0.000,0.000,42°23'01.2618",21°10'14.3393",616.341,2.07,4693800.014,7514051.812,616.341,FIXED,29,32,0.94,0.005,0.006,1,2025-03-25,10:53:37,3179,42°23'03.7773",21°10'11.3371",617.163,4693877.485,7513982.988,617.163,103.655,0,0°00'00",0°00'00",0.00000000,0.00000000,0,,0,0,616.341,,,,318°23'07.5615",0°27'17.3102"
13,objekt,42°23'01.3094",21°10'14.4281",616.356,0.000,0.000,0.000,42°23'01.3094",21°10'14.4281",616.356,2.07,4693801.484,7514053.840,616.356,FIXED,29,32,0.95,0.005,0.006,1,2025-03-25,10:55:28,3179,42°23'03.7773",21°10'11.3371",617.163,4693877.485,7513982.988,617.163,103.932,0,0°00'00",0°00'00",0.00000000,0.00000000,0,,0,0,616.356,,,,317°00'29.6356",0°26'37.34"
14,objekt,42°23'01.6323",21°10'14.1511",616.211,0.000,0.000,0.000,42°23'01.6323",21°10'14.1511",616.211,2.07,4693811.434,7514047.483,616.211,FIXED,29,31,0.96,0.006,0.006,1,2025-03-25,10:57:33,3179,42°23'03.7773",21°10'11.3371",617.163,4693877.485,7513982.988,617.163,92.341,0,0°00'00",0°00'00",0.00000000,0.00000000,0,,0,0,616.211,,,,315°41'08.7973",0°35'10.4531"
15,objekt,42°23'01.8412",21°10'14.5406",616.143,0.000,0.000,0.000,42°23'01.8412",21°10'14.5406",616.143,2.07,4693817.899,7514056.380,616.143,FIXED,29,32,0.98,0.005,0.006,1,2025-03-25,10:59:23,3179,42°23'03.7773",21°10'11.3371",617.163,4693877.485,7513982.988,617.163,94.559,0,0°00'00",0°00'00",0.00000000,0.00000000,0,,0,0,616.143,,,,309°04'17.2205",0°37'08.8981"
16,,42°23'01.9179",21°10'14.5460",615.954,0.000,0.000,0.000,42°23'01.9179",21°10'14.5460",615.954,2.07,4693820.266,7514056.500,615.954,FIXED,25,28,0.95,0.039,0.046,1,2025-03-25,11:00:46,3179,42°23'03.7773",21°10'11.3371",617.163,4693877.485,7513982.988,617.163,93.178,0,0°00'00",0°00'00",0.00000000,0.00000000,0,,0,0,615.955,,,,307°53'37.66",0°45'15.2164"
17,,42°23'02.1133",21°10'14.3524",616.012,0.000,0.000,0.000,42°23'02.1133",21°10'14.3524",616.012,2.07,4693826.286,7514052.059,616.012,FIXED,24,27,0.98,0.006,0.009,1,2025-03-25,11:01:28,3179,42°23'03.7773",21°10'11.3371",617.163,4693877.485,7513982.988,617.163,86,0,0°00'00",0°00'00",0.00000000,0.00000000,0,,0,0,616.012,,,,306°32'36.0739",0°46'11.1005"
18,,42°23'01.7160",21°10'13.2628",615.978,0.000,0.000,0.000,42°23'01.7160",21°10'13.2628",615.978,2.07,4693813.978,7514027.162,615.978,FIXED,30,33,0.9,0.006,0.009,2,2025-03-25,11:03:56,3179,42°23'03.7773",21°10'11.3371",617.163,4693877.485,7513982.988,617.163,77.379,0,0°00'00",0°00'00",0.00000000,0.00000000,0,,0,0,615.978,,,,325°10'44.1105",0°53'08.927"
19,,42°23'01.5071",21°10'12.8725",616.048,0.000,0.000,0.000,42°23'01.5071",21°10'12.8725",616.048,2.07,4693807.514,7514018.247,616.048,FIXED,30,32,0.91,0.005,0.006,1,2025-03-25,11:05:31,3179,42°23'03.7773",21°10'11.3371",617.163,4693877.485,7513982.988,617.163,78.373,0,0°00'00",0°00'00",0.00000000,0.00000000,0,,0,0,616.048,,,,333°14'26.0474",0°49'11.0759"
20,,42°23'01.6657",21°10'12.6269",616.038,0.000,0.000,0.000,42°23'01.6657",21°10'12.6269",616.038,2.07,4693812.397,7514012.618,616.038,FIXED,31,34,0.91,0.006,0.009,1,2025-03-25,11:06:19,3179,42°23'03.7773",21°10'11.3371",617.163,4693877.485,7513982.988,617.163,71.535,0,0°00'00",0°00'00",0.00000000,0.00000000,0,,0,0,616.038,,,,335°31'20.01",0°54'18.1154"
21,,42°23'01.9984",21°10'12.3944",615.667,0.000,0.000,0.000,42°23'01.9984",21°10'12.3944",615.667,2.07,4693822.650,7514007.281,615.667,FIXED,30,33,0.92,0.004,0.006,1,2025-03-25,11:07:38,3179,42°23'03.7773",21°10'11.3371",617.163,4693877.485,7513982.988,617.163,59.989,0,0°00'00",0°00'00",0.00000000,0.00000000,0,,0,0,615.667,,,,336°06'55.0161",1°25'46.0846"
22,,42°23'02.0576",21°10'12.2560",615.741,0.000,0.000,0.000,42°23'02.0576",21°10'12.2560",615.741,2.07,4693824.469,7514004.111,615.741,FIXED,30,33,0.92,0.005,0.007,2,2025-03-25,11:08:06,3179,42°23'03.7773",21°10'11.3371",617.163,4693877.485,7513982.988,617.163,57.084,0,0°00'00",0°00'00",0.00000000,0.00000000,0,,0,0,615.741,,,,338°16'34.8098",1°25'25.7748"
23,,42°23'02.2404",21°10'12.8434",615.566,0.000,0.000,0.000,42°23'02.2404",21°10'12.8434",615.566,2.07,4693830.137,7514017.535,615.566,FIXED,30,31,0.92,0.005,0.007,1,2025-03-25,11:09:22,3179,42°23'03.7773",21°10'11.3371",617.163,4693877.485,7513982.988,617.163,58.625,0,0°00'00",0°00'00",0.00000000,0.00000000,0,,0,0,615.566,,,,323°53'07.5795",1°33'39.4516"
24,,42°23'02.0845",21°10'13.0761",615.779,0.000,0.000,0.000,42°23'02.0845",21°10'13.0761",615.779,2.07,4693825.338,7514022.869,615.779,FIXED,30,32,0.95,0.004,0.005,1,2025-03-25,11:10:47,3179,42°23'03.7773",21°10'11.3371",617.163,4693877.485,7513982.988,617.163,65.665,0,0°00'00",0°00'00",0.00000000,0.00000000,0,,0,0,615.779,,,,322°35'24.2016",1°12'19.967"
25,,42°23'04.0179",21°10'11.3143",615.757,0.000,0.000,0.000,42°23'04.0179",21°10'11.3143",615.757,2.07,4693884.907,7513982.450,615.757,FIXED,29,31,0.99,0.005,0.006,1,2025-03-25,11:22:49,3179,42°23'03.7773",21°10'11.3371",617.163,4693877.485,7513982.988,617.163,7.473,0,0°00'00",0°00'00",0.00000000,0.00000000,0,,0,0,-0,,,,175°51'20.776",10°30'28.5583"
100,Nivel,42°23'01.1262",21°10'14.5530",616.403,0.000,0.000,0.000,42°23'01.1262",21°10'14.5530",616.403,2.07,4693795.838,7514056.707,616.403,FIXED,31,32,0.88,0.006,0.007,1,2025-04-20,18:01:19,1584,42°23'01.5007",21°10'13.9969",613.716,4693807.367,7514043.966,613.716,17.833,0,0°00'00",0°00'00",0.00000000,0.00000000,0,,0,0,-0,,,,312°07'38.2352",-8°47'31.9422"
101,Nivel,42°23'04.0220",21°10'11.3169",615.744,0.000,0.000,0.000,42°23'04.0220",21°10'11.3169",615.744,2.07,4693885.033,7513982.509,615.744,FIXED,30,31,0.88,0.005,0.005,1,2025-04-20,18:03:42,1584,42°23'01.5007",21°10'13.9969",613.716,4693807.367,7514043.966,613.716,99.144,0,0°00'00",0°00'00",0.00000000,0.00000000,0,,0,0,-0,,,,141°38'11.7415",-1°10'22.8854"
500,,42°23'02.9331",21°10'10.1928",615.808,0.000,0.000,0.000,42°23'02.9331",21°10'10.1928",615.808,2.07,4693851.387,7513956.866,615.808,FIXED,31,33,0.927,0.013,0.017,1,2025-05-13,18:18:25,3,42°26'02.9303",21°02'18.6554",628.026,4699391.608,7503168.930,628.026,12129.78,0,0°00'00",0°00'00",0.00000000,0.00000000,0,,0,0,-0,,,,297°10'58.7472",0°03'27.7696"
501,,42°23'01.5621",21°10'11.3267",616.084,0.000,0.000,0.000,42°23'01.5621",21°10'11.3267",616.084,2.07,4693809.140,7513982.885,616.084,FIXED,30,32,0.97,0.014,0.016,1,2025-05-13,18:26:30,3,42°26'02.9303",21°02'18.6554",628.026,4699391.608,7503168.930,628.026,12172.26,0,0°00'00",0°00'00",0.00000000,0.00000000,0,,0,0,-0,,,,297°18'14.7017",0°03'22.3477"
502,,42°23'00.3606",21°10'12.6625",616.882,0.000,0.000,0.000,42°23'00.3606",21°10'12.6625",616.882,2.07,4693772.131,7514013.513,616.882,FIXED,30,32,0.981,0.013,0.015,1,2025-05-13,18:28:28,3,42°26'02.9303",21°02'18.6554",628.026,4699391.608,7503168.930,628.026,12216.475,0,0°00'00",0°00'00",0.00000000,0.00000000,0,,0,0,-0,,,,297°23'32.6587",0°03'08.2075"
503,,42°23'02.7888",21°10'13.6382",615.899,0.000,0.000,0.000,42°23'02.7888",21°10'13.6382",615.899,2.07,4693847.092,7514035.680,615.899,FIXED,31,33,0.92,0.013,0.016,1,2025-05-13,18:32:33,3,42°26'02.9303",21°02'18.6554",628.026,4699391.608,7503168.930,628.026,12201.905,0,0°00'00",0°00'00",0.00000000,0.00000000,0,,0,0,-0,,,,297°01'55.3613",0°03'25.021"
504,,42°23'04.4002",21°10'12.1101",614.896,0.000,0.000,0.000,42°23'04.4002",21°10'12.1101",614.896,2.27,4693896.739,7514000.628,614.896,FIXED,23,24,1.01,0.007,0.009,1,2025-09-20,15:45:01,1580,42°22'14.6652",21°09'28.0482",614.893,4692360.338,7512995.662,614.893,1836.247,0,0°00'00",0°00'00",0.00000000,0.00000000,0,,129.176,-0.009,614.896,,,,213°11'20.9207",0°00'01.0559"
505,,42°23'03.2240",21°10'13.2623",615.102,0.000,0.000,0.000,42°23'03.2240",21°10'13.2623",615.102,2.27,4693860.503,7514027.056,615.102,FIXED,23,25,1.03,0.005,0.007,1,2025-09-20,15:47:06,1580,42°22'14.6652",21°09'28.0482",614.893,4692360.338,7512995.662,614.893,1820.869,0,0°00'00",0°00'00",0.00000000,0.00000000,0,,174.018,0.027,615.102,,,,214°30'35.5997",-0°00'22.1911"
506,,42°23'03.1166",21°10'13.3688",615.094,0.000,0.000,0.000,42°23'03.1166",21°10'13.3688",615.094,2.27,4693857.194,7514029.498,615.094,FIXED,22,22,1.09,0.007,0.012,1,2025-09-20,15:48:43,1580,42°22'14.6652",21°09'28.0482",614.893,4692360.338,7512995.662,614.893,1819.53,0,0°00'00",0°00'00",0.00000000,0.00000000,0,,178.13,0.006,615.094,,,,214°37'54.3418",-0°00'22.9105"
507,zhsvor,42°22'47.1979",21°10'13.7515",615.356,0.000,0.000,0.000,42°22'47.1979",21°10'13.7515",615.356,2.57,4693366.078,7514039.237,615.356,FIXED,25,27,1.07,0.006,0.006,1,2025-09-20,17:20:15,1614,42°22'47.0463",21°10'12.3561",616.226,4693361.336,7514007.328,616.226,32.311,0,0°00'00",0°00'00",0.00000000,0.00000000,0,,0,0,615.356,,,,261°31'44.4678",1°34'31.131"
508,zhsvor,42°22'47.2228",21°10'13.8416",615.351,0.000,0.000,0.000,42°22'47.2228",21°10'13.8416",615.351,2.57,4693366.851,7514041.296,615.351,FIXED,25,28,1.08,0.006,0.007,1,2025-09-20,17:23:24,1614,42°22'47.0463",21°10'12.3561",616.226,4693361.336,7514007.328,616.226,34.462,0,0°00'00",0°00'00",0.00000000,0.00000000,0,,0,0,615.351,,,,260°48'37.9375",1°27'42.1426"
509,,42°22'47.1070",21°10'13.7985",615.338,0.000,0.000,0.000,42°22'47.1070",21°10'13.7985",615.338,2.57,4693363.274,7514040.318,615.338,FIXED,24,26,1.18,0.006,0.007,1,2025-09-20,17:26:39,1614,42°22'47.0463",21°10'12.3561",616.226,4693361.336,7514007.328,616.226,33.097,0,0°00'00",0°00'00",0.00000000,0.00000000,0,,0,0,615.338,,,,266°38'17.7553",1°32'14.8774"
510,,42°22'47.1579",21°10'13.8749",615.324,0.000,0.000,0.000,42°22'47.1579",21°10'13.8749",615.324,2.57,4693364.849,7514042.064,615.324,FIXED,23,25,1.35,0.007,0.008,1,2025-09-20,17:31:01,1614,42°22'47.0463",21°10'12.3561",616.226,4693361.336,7514007.328,616.226,34.96,0,0°00'00",0°00'00",0.00000000,0.00000000,0,,0,0,615.324,,,,264°13'30.0888",1°28'44.9625"
511,,42°22'47.1208",21°10'12.4507",615.357,0.000,0.000,0.000,42°22'47.1208",21°10'12.4507",615.357,2.57,4693363.638,7514009.488,615.357,FIXED,21,23,1.42,0.009,0.009,1,2025-09-20,17:32:41,1614,42°22'47.0463",21°10'12.3561",616.226,4693361.336,7514007.328,616.226,3.586,0,0°00'00",0°00'00",0.00000000,0.00000000,0,,0,0,615.357,,,,223°11'06.9977",14°51'19.452"
512,,42°22'47.0158",21°10'12.5044",615.364,0.000,0.000,0.000,42°22'47.0158",21°10'12.5044",615.364,2.57,4693360.401,7514010.721,615.364,FIXED,24,26,1.14,0.006,0.007,1,2025-09-20,17:33:44,1614,42°22'47.0463",21°10'12.3561",616.226,4693361.336,7514007.328,616.226,3.913,0,0°00'00",0°00'00",0.00000000,0.00000000,0,,0,0,615.364,,,,285°24'40.147",13°22'22.2815"
513,,42°22'46.9871",21°10'12.4038",615.363,0.000,0.000,0.000,42°22'46.9871",21°10'12.4038",615.363,2.57,4693359.512,7514008.423,615.363,FIXED,23,26,1.14,0.006,0.007,1,2025-09-20,17:34:57,1614,42°22'47.0463",21°10'12.3561",616.226,4693361.336,7514007.328,616.226,2.728,0,0°00'00",0°00'00",0.00000000,0.00000000,0,,0,0,615.363,,,,329°00'40.8416",20°35'17.3695"
514,,42°22'47.0920",21°10'12.3487",615.358,0.000,0.000,0.000,42°22'47.0920",21°10'12.3487",615.358,2.57,4693362.745,7514007.155,615.358,FIXED,23,25,1.28,0.008,0.01,1,2025-09-20,17:36:03,1614,42°22'47.0463",21°10'12.3561",616.226,4693361.336,7514007.328,616.226,2.217,0,0°00'00",0°00'00",0.00000000,0.00000000,0,,0,0,615.359,,,,173°02'08.6513",27°32'06.3018"
515,,42°22'47.1332",21°10'13.8876",615.321,0.000,0.000,0.000,42°22'47.1332",21°10'13.8876",615.321,2.57,4693364.087,7514042.353,615.321,FIXED,27,29,0.97,0.006,0.007,1,2025-09-20,17:38:12,1614,42°22'47.0463",21°10'12.3561",616.226,4693361.336,7514007.328,616.226,35.18,0,0°00'00",0°00'00",0.00000000,0.00000000,0,,-1.04,-0.015,615.321,,,,265°30'31.3933",1°28'31.5106"
516,,42°22'47.1317",21°10'13.7896",615.352,0.000,0.000,0.000,42°22'47.1317",21°10'13.7896",615.352,2.57,4693364.037,7514040.113,615.352,FIXED,29,31,0.93,0.006,0.007,1,2025-09-20,17:39:18,1614,42°22'47.0463",21°10'12.3561",616.226,4693361.336,7514007.328,616.226,32.946,0,0°00'00",0°00'00",0.00000000,0.00000000,0,,-1.869,0.018,615.352,,,,265°17'26.5426",1°31'18.3145"
517,,42°22'47.5392",21°10'13.6073",615.344,0.000,0.000,0.000,42°22'47.5392",21°10'13.6073",615.344,2.57,4693376.600,7514035.917,615.344,FIXED,30,32,1.07,0.005,0.008,1,2025-09-20,17:45:55,1614,42°22'47.0463",21°10'12.3561",616.226,4693361.336,7514007.328,616.226,32.459,0,0°00'00",0°00'00",0.00000000,0.00000000,0,,0,0,615.344,,,,241°54'10.8146",1°33'28.3213"
518,,42°22'47.2216",21°10'13.7726",615.331,0.000,0.000,0.000,42°22'47.2216",21°10'13.7726",615.331,2.57,4693366.809,7514039.720,615.331,FIXED,33,34,0.95,0.006,0.008,1,2025-09-20,17:49:33,1614,42°22'47.0463",21°10'12.3561",616.226,4693361.336,7514007.328,616.226,32.9,0,0°00'00",0°00'00",0.00000000,0.00000000,0,,0,0,615.331,,,,260°24'33.9248",1°33'31.8137"
519,,42°22'47.2450",21°10'13.8537",615.343,0.000,0.000,0.000,42°22'47.2450",21°10'13.8537",615.343,2.57,4693367.536,7514041.573,615.343,FIXED,29,32,0.93,0.007,0.009,1,2025-09-20,17:50:04,1614,42°22'47.0463",21°10'12.3561",616.226,4693361.336,7514007.328,616.226,34.849,0,0°00'00",0°00'00",0.00000000,0.00000000,0,,0,0,615.343,,,,259°44'16.3493",1°27'09.5767"
520,,42°22'47.1851",21°10'13.8860",615.355,0.000,0.000,0.000,42°22'47.1851",21°10'13.8860",615.355,2.57,4693365.690,7514042.314,615.355,FIXED,31,33,0.91,0.006,0.008,1,2025-09-20,17:51:08,1614,42°22'47.0463",21°10'12.3561",616.226,4693361.336,7514007.328,616.226,35.304,0,0°00'00",0°00'00",0.00000000,0.00000000,0,,0,0,615.355,,,,262°54'26.2413",1°24'53.3077"
521,,42°22'47.4397",21°10'13.2639",615.355,0.000,0.000,0.000,42°22'47.4397",21°10'13.2639",615.355,2.57,4693373.514,7514028.069,615.355,FIXED,32,34,0.97,0.004,0.005,1,2025-09-20,17:57:34,1614,42°22'47.0463",21°10'12.3561",616.226,4693361.336,7514007.328,616.226,24.116,0,0°00'00",0°00'00",0.00000000,0.00000000,0,,107.668,0.009,615.355,,,,239°34'56.4123",2°04'20.8539"
522,,42°22'47.1897",21°10'12.4021",615.394,0.000,0.000,0.000,42°22'47.1897",21°10'12.4021",615.394,2.57,4693365.764,7514008.370,615.394,FIXED,24,26,1.27,0.01,0.021,1,2025-09-20,17:59:03,1614,42°22'47.0463",21°10'12.3561",616.226,4693361.336,7514007.328,616.226,4.87,0,0°00'00",0°00'00",0.00000000,0.00000000,0,,0,0,615.394,,,,193°14'47.8131",10°12'10.4725"
523,,42°22'47.1801",21°10'12.4073",615.349,0.000,0.000,0.000,42°22'47.1801",21°10'12.4073",615.349,2.57,4693365.468,7514008.491,615.349,FIXED,25,27,1.22,0.004,0.007,1,2025-09-20,18:00:16,1614,42°22'47.0463",21°10'12.3561",616.226,4693361.336,7514007.328,616.226,4.615,0,0°00'00",0°00'00",0.00000000,0.00000000,0,,29.48,-0.243,615.349,,,,195°43'39.2453",11°19'04.4671"
524,,42°22'47.1119",21°10'12.1743",615.444,0.000,0.000,0.000,42°22'47.1119",21°10'12.1743",615.444,2.57,4693363.351,7514003.164,615.444,FIXED,21,23,1.34,0.03,0.039,1,2025-09-20,18:01:19,1614,42°22'47.0463",21°10'12.3561",616.226,4693361.336,7514007.328,616.226,4.96,0,0°00'00",0°00'00",0.00000000,0.00000000,0,,0,0,615.444,,,,115°49'46.3168",9°27'32.2681"
525,,42°22'46.5209",21°10'12.5144",615.340,0.000,0.000,0.000,42°22'46.5209",21°10'12.5144",615.340,2.57,4693345.134,7514010.982,615.340,FIXED,24,25,1.16,0.035,0.038,1,2025-09-20,18:03:25,1614,42°22'47.0463",21°10'12.3561",616.226,4693361.336,7514007.328,616.226,16.698,0,0°00'00",0°00'00",0.00000000,0.00000000,0,,0,0,615.34,,,,347°17'21.3082",3°02'58.248"
526,e0,42°22'46.5004",21°10'12.5060",615.299,0.000,0.000,0.000,42°22'46.5004",21°10'12.5060",615.299,2.57,4693344.501,7514010.791,615.299,FIXED,21,23,1.54,0.089,0.089,1,2025-09-20,18:05:23,1614,42°22'47.0463",21°10'12.3561",616.226,4693361.336,7514007.328,616.226,17.27,0,0°00'00",0°00'00",0.00000000,0.00000000,0,,22.761,-0.244,-3.398,,,,348°35'14.1523",3°06'32.0804"
527,e0,42°22'46.5058",21°10'12.5020",615.301,0.000,0.000,0.000,42°22'46.5058",21°10'12.5020",615.301,2.57,4693344.667,7514010.697,615.301,FIXED,21,23,1.55,0.006,0.007,2,2025-09-20,18:05:41,1614,42°22'47.0463",21°10'12.3561",616.226,4693361.336,7514007.328,616.226,17.089,0,0°00'00",0°00'00",0.00000000,0.00000000,0,,22.739,-0.434,-3.396,,,,348°33'58.0773",3°06'36.5166"
528,,42°22'46.5266",21°10'12.4592",615.243,0.000,0.000,0.000,42°22'46.5266",21°10'12.4592",615.243,2.57,4693345.308,7514009.719,615.243,FIXED,20,22,1.55,0.005,0.005,1,2025-09-20,18:05:55,1614,42°22'47.0463",21°10'12.3561",616.226,4693361.336,7514007.328,616.226,16.286,0,0°00'00",0°00'00",0.00000000,0.00000000,0,,22.087,-1.405,-3.463,,,,351°30'52.9823",3°27'50.8701"
529,e0,42°22'46.5759",21°10'12.4413",615.295,0.000,0.000,0.000,42°22'46.5759",21°10'12.4413",615.295,2.57,4693346.826,7514009.305,615.295,FIXED,22,24,1.17,0.033,0.043,1,2025-09-20,18:06:48,1614,42°22'47.0463",21°10'12.3561",616.226,4693361.336,7514007.328,616.226,14.738,0,0°00'00",0°00'00",0.00000000,0.00000000,0,,0,0,-0,,,,352°14'20.8808",3°37'52.1968"
530,e0,42°22'46.8066",21°10'12.2899",615.432,0.000,0.000,0.000,42°22'46.8066",21°10'12.2899",615.432,2.57,4693353.938,7514005.827,615.432,FIXED,22,24,1.18,0.023,0.059,1,2025-09-20,18:07:04,1614,42°22'47.0463",21°10'12.3561",616.226,4693361.336,7514007.328,616.226,7.756,0,0°00'00",0°00'00",0.00000000,0.00000000,0,,0,0,-0,,,,11°27'55.2636",5°58'14.7982"
531,e0,42°22'46.9226",21°10'12.2025",615.398,0.000,0.000,0.000,42°22'46.9226",21°10'12.2025",615.398,2.57,4693357.513,7514003.821,615.398,FIXED,25,28,1.29,0.008,0.018,1,2025-09-20,18:07:11,1614,42°22'47.0463",21°10'12.3561",616.226,4693361.336,7514007.328,616.226,5.474,0,0°00'00",0°00'00",0.00000000,0.00000000,0,,0,0,-0,,,,42°31'22.1291",8°57'08.9114"
532,e0,42°22'46.9940",21°10'12.1382",615.324,0.000,0.000,0.000,42°22'46.9940",21°10'12.1382",615.324,2.57,4693359.713,7514002.347,615.324,FIXED,26,30,1.24,0.004,0.009,1,2025-09-20,18:07:17,1614,42°22'47.0463",21°10'12.3561",616.226,4693361.336,7514007.328,616.226,5.498,0,0°00'00",0°00'00",0.00000000,0.00000000,0,,0,0,-0,,,,71°56'51.9513",9°37'49.7852"
533,rampa,42°22'47.0039",21°10'12.1185",615.269,0.000,0.000,0.000,42°22'47.0039",21°10'12.1185",615.269,2.57,4693360.017,7514001.896,615.269,FIXED,26,29,1.17,0.005,0.01,1,2025-09-20,18:07:26,1614,42°22'47.0463",21°10'12.3561",616.226,4693361.336,7514007.328,616.226,5.818,0,0°00'00",0°00'00",0.00000000,0.00000000,0,,0,0,-0,,,,76°21'01.6047",9°34'38.3648"
534,rampa,42°22'47.1121",21°10'12.0794",615.203,0.000,0.000,0.000,42°22'47.1121",21°10'12.0794",615.203,2.57,4693363.353,7514000.994,615.203,FIXED,25,28,1.42,0.036,0.052,1,2025-09-20,18:07:32,1614,42°22'47.0463",21°10'12.3561",616.226,4693361.336,7514007.328,616.226,6.826,0,0°00'00",0°00'00",0.00000000,0.00000000,0,,0,0,-0,,,,107°39'48.2998",8°38'45.8789"
535,e0,42°22'47.1222",21°10'12.1068",615.293,0.000,0.000,0.000,42°22'47.1222",21°10'12.1068",615.293,2.57,4693363.668,7514001.620,615.293,FIXED,24,29,1.37,0.042,0.06,1,2025-09-20,18:07:39,1614,42°22'47.0463",21°10'12.3561",616.226,4693361.336,7514007.328,616.226,6.38,0,0°00'00",0°00'00",0.00000000,0.00000000,0,,0,0,-0,,,,112°13'11.5734",8°30'28.7661"
536,e0,42°22'47.1719",21°10'12.2438",615.369,0.000,0.000,0.000,42°22'47.1719",21°10'12.2438",615.369,2.57,4693365.207,7514004.752,615.369,FIXED,23,26,1.4,0.049,0.068,1,2025-09-20,18:07:44,1614,42°22'47.0463",21°10'12.3561",616.226,4693361.336,7514007.328,616.226,4.956,0,0°00'00",0°00'00",0.00000000,0.00000000,0,,0,0,-0,,,,146°21'42.1231",10°16'02.3803"
537,e0,42°22'47.2425",21°10'12.4512",615.280,0.000,0.000,0.000,42°22'47.2425",21°10'12.4512",615.280,2.57,4693367.393,7514009.491,615.280,FIXED,22,24,1.47,0.077,0.068,1,2025-09-20,18:07:52,1614,42°22'47.0463",21°10'12.3561",616.226,4693361.336,7514007.328,616.226,6.635,0,0°00'00",0°00'00",0.00000000,0.00000000,0,,0,0,-0,,,,199°39'36.1056",8°16'52.7117"
538,e0,42°22'47.2769",21°10'12.5930",615.501,0.000,0.000,0.000,42°22'47.2769",21°10'12.5930",615.501,2.57,4693368.462,7514012.733,615.501,FIXED,22,24,1.39,0.066,0.092,1,2025-09-20,18:07:57,1614,42°22'47.0463",21°10'12.3561",616.226,4693361.336,7514007.328,616.226,9.134,0,0°00'00",0°00'00",0.00000000,0.00000000,0,,0,0,-0,,,,217°11'00.4612",4°36'59.6672"
539,e0,42°22'47.3497",21°10'12.8670",615.598,0.000,0.000,0.000,42°22'47.3497",21°10'12.8670",615.598,2.57,4693370.719,7514018.996,615.598,FIXED,22,25,1.25,0.074,0.103,1,2025-09-20,18:08:05,1614,42°22'47.0463",21°10'12.3561",616.226,4693361.336,7514007.328,616.226,15.101,0,0°00'00",0°00'00",0.00000000,0.00000000,0,,0,0,-0,,,,231°11'48.96",2°23'59.7567"
540,e0,42°22'47.4061",21°10'13.0710",615.711,0.000,0.000,0.000,42°22'47.4061",21°10'13.0710",615.711,2.57,4693372.469,7514023.657,615.711,FIXED,21,25,1.24,0.078,0.107,1,2025-09-20,18:08:11,1614,42°22'47.0463",21°10'12.3561",616.226,4693361.336,7514007.328,616.226,19.874,0,0°00'00",0°00'00",0.00000000,0.00000000,0,,0,0,-0,,,,235°42'54.9809",1°29'30.7726"
541,e0,42°22'47.4571",21°10'13.2355",615.435,0.000,0.000,0.000,42°22'47.4571",21°10'13.2355",615.435,2.57,4693374.051,7514027.418,615.435,FIXED,22,25,1.25,0.006,0.01,1,2025-09-20,18:08:18,1614,42°22'47.0463",21°10'12.3561",616.226,4693361.336,7514007.328,616.226,23.847,0,0°00'00",0°00'00",0.00000000,0.00000000,0,,0,0,-0,,,,237°40'12.2828",1°54'17.1811"
542,e0,42°22'47.4522",21°10'13.2607",615.445,0.000,0.000,0.000,42°22'47.4522",21°10'13.2607",615.445,2.57,4693373.902,7514027.994,615.445,FIXED,23,26,1.21,0.006,0.014,1,2025-09-20,18:08:21,1614,42°22'47.0463",21°10'12.3561",616.226,4693361.336,7514007.328,616.226,24.257,0,0°00'00",0°00'00",0.00000000,0.00000000,0,,0,0,-0,,,,238°41'57.635",1°50'52.5523"
543,e0,42°22'47.5601",21°10'13.6191",615.369,0.000,0.000,0.000,42°22'47.5601",21°10'13.6191",615.369,2.57,4693377.245,7514036.187,615.369,FIXED,26,28,1.16,0.004,0.008,1,2025-09-20,18:08:31,1614,42°22'47.0463",21°10'12.3561",616.226,4693361.336,7514007.328,616.226,33.005,0,0°00'00",0°00'00",0.00000000,0.00000000,0,,0,0,-0,,,,241°08'04.0381",1°29'17.587"
544,e0,42°22'47.5473",21°10'13.6499",615.298,0.000,0.000,0.000,42°22'47.5473",21°10'13.6499",615.298,2.57,4693376.852,7514036.892,615.298,FIXED,26,28,1.21,0.005,0.009,1,2025-09-20,18:08:34,1614,42°22'47.0463",21°10'12.3561",616.226,4693361.336,7514007.328,616.226,33.435,0,0°00'00",0°00'00",0.00000000,0.00000000,0,,0,0,-0,,,,242°18'32.1954",1°35'30.6736"
545,e0,42°22'47.4991",21°10'13.6686",615.355,0.000,0.000,0.000,42°22'47.4991",21°10'13.6686",615.355,2.57,4693375.365,7514037.323,615.355,FIXED,25,29,1.16,0.004,0.008,1,2025-09-20,18:08:37,1614,42°22'47.0463",21°10'12.3561",616.226,4693361.336,7514007.328,616.226,33.164,0,0°00'00",0°00'00",0.00000000,0.00000000,0,,0,0,-0,,,,244°56'04.3192",1°30'20.5416"
546,e0,42°22'47.2553",21°10'13.7823",615.353,0.000,0.000,0.000,42°22'47.2553",21°10'13.7823",615.353,2.57,4693367.850,7514039.939,615.353,FIXED,27,29,1.19,0.006,0.009,1,2025-09-20,18:08:46,1614,42°22'47.0463",21°10'12.3561",616.226,4693361.336,7514007.328,616.226,33.305,0,0°00'00",0°00'00",0.00000000,0.00000000,0,,0,0,-0,,,,258°42'13.6293",1°30'13.0371"
547,e0,42°22'47.2587",21°10'13.8507",615.304,0.000,0.000,0.000,42°22'47.2587",21°10'13.8507",615.304,2.57,4693367.958,7514041.503,615.304,FIXED,26,28,1.12,0.004,0.006,1,2025-09-20,18:08:50,1614,42°22'47.0463",21°10'12.3561",616.226,4693361.336,7514007.328,616.226,34.857,0,0°00'00",0°00'00",0.00000000,0.00000000,0,,0,0,-0,,,,259°02'04.12",1°30'56.499"
548,e0,42°22'47.1450",21°10'13.9251",615.368,0.000,0.000,0.000,42°22'47.1450",21°10'13.9251",615.368,2.57,4693364.453,7514043.212,615.368,FIXED,25,28,1.24,0.006,0.008,1,2025-09-20,18:08:55,1614,42°22'47.0463",21°10'12.3561",616.226,4693361.336,7514007.328,616.226,36.067,0,0°00'00",0°00'00",0.00000000,0.00000000,0,,0,0,-0,,,,265°02'10.9323",1°21'47.1761"
549,e0,42°22'47.0668",21°10'13.9522",615.437,0.000,0.000,0.000,42°22'47.0668",21°10'13.9522",615.437,2.57,4693362.040,7514043.837,615.437,FIXED,25,28,1.21,0.006,0.008,1,2025-09-20,18:08:59,1614,42°22'47.0463",21°10'12.3561",616.226,4693361.336,7514007.328,616.226,36.566,0,0°00'00",0°00'00",0.00000000,0.00000000,0,,0,0,-0,,,,268°53'41.5732",1°14'11.9284"
550,e0,42°22'46.9503",21°10'14.0233",615.204,0.000,0.000,0.000,42°22'46.9503",21°10'14.0233",615.204,2.57,4693358.452,7514045.471,615.204,FIXED,24,28,1.49,0.006,0.006,1,2025-09-20,18:09:05,1614,42°22'47.0463",21°10'12.3561",616.226,4693361.336,7514007.328,616.226,38.291,0,0°00'00",0°00'00",0.00000000,0.00000000,0,,0,0,-0,,,,274°19'28.9584",1°31'43.3008"
551,e0,42°22'46.9345",21°10'13.9512",615.366,0.000,0.000,0.000,42°22'46.9345",21°10'13.9512",615.366,2.57,4693357.960,7514043.822,615.366,FIXED,24,28,1.62,0.007,0.007,1,2025-09-20,18:09:09,1614,42°22'47.0463",21°10'12.3561",616.226,4693361.336,7514007.328,616.226,36.697,0,0°00'00",0°00'00",0.00000000,0.00000000,0,,0,0,-0,,,,275°17'09.8471",1°20'37.4262"
552,bunar,42°22'47.0308",21°10'14.0156",615.340,0.000,0.000,0.000,42°22'47.0308",21°10'14.0156",615.340,2.57,4693360.934,7514045.288,615.340,FIXED,21,23,1.38,0.046,0.062,1,2025-09-20,18:09:26,1614,42°22'47.0463",21°10'12.3561",616.226,4693361.336,7514007.328,616.226,38.007,0,0°00'00",0°00'00",0.00000000,0.00000000,0,,0,0,-0,,,,270°36'26.9801",1°20'09.2507"
553,e1,42°22'46.9691",21°10'14.0865",616.954,0.000,0.000,0.000,42°22'46.9691",21°10'14.0865",616.954,2.57,4693359.034,7514046.914,616.954,FIXED,26,28,1.23,0.005,0.007,1,2025-09-20,18:15:51,1614,42°22'47.0463",21°10'12.3561",616.226,4693361.336,7514007.328,616.226,39.798,0,0°00'00",0°00'00",0.00000000,0.00000000,0,,0,0,-0,,,,273°19'42.0343",-1°03'05.0831"
554,e1,42°22'46.9512",21°10'14.1078",616.921,0.000,0.000,0.000,42°22'46.9512",21°10'14.1078",616.921,2.57,4693358.483,7514047.403,616.921,FIXED,26,28,1.27,0.008,0.009,1,2025-09-20,18:15:55,1614,42°22'47.0463",21°10'12.3561",616.226,4693361.336,7514007.328,616.226,40.317,0,0°00'00",0°00'00",0.00000000,0.00000000,0,,0,0,-0,,,,274°04'18.9129",-0°59'24.9999"
555,muri,42°22'46.9624",21°10'14.1446",616.862,0.000,0.000,0.000,42°22'46.9624",21°10'14.1446",616.862,2.57,4693358.831,7514048.244,616.862,FIXED,27,30,1.26,0.013,0.021,1,2025-09-20,18:16:10,1614,42°22'47.0463",21°10'12.3561",616.226,4693361.336,7514007.328,616.226,41.127,0,0°00'00",0°00'00",0.00000000,0.00000000,0,,0,0,-0,,,,273°30'13.498",-0°53'21.3826"
556,e1,42°22'47.0365",21°10'14.0680",616.893,0.000,0.000,0.000,42°22'47.0365",21°10'14.0680",616.893,2.57,4693361.111,7514046.488,616.893,FIXED,26,29,1.24,0.005,0.007,1,2025-09-20,18:16:24,1614,42°22'47.0463",21°10'12.3561",616.226,4693361.336,7514007.328,616.226,39.302,0,0°00'00",0°00'00",0.00000000,0.00000000,0,,0,0,-0,,,,270°19'45.2425",-0°58'30.5762"
557,e1,42°22'47.0878",21°10'14.0443",616.869,0.000,0.000,0.000,42°22'47.0878",21°10'14.0443",616.869,2.57,4693362.692,7514045.943,616.869,FIXED,26,29,1.24,0.005,0.008,1,2025-09-20,18:16:27,1614,42°22'47.0463",21°10'12.3561",616.226,4693361.336,7514007.328,616.226,38.78,0,0°00'00",0°00'00",0.00000000,0.00000000,0,,0,0,-0,,,,267°59'19.3488",-0°57'09.9749"
558,e1,42°22'47.1744",21°10'13.9743",616.838,0.000,0.000,0.000,42°22'47.1744",21°10'13.9743",616.838,2.57,4693365.363,7514044.335,616.838,FIXED,28,32,1.21,0.006,0.008,1,2025-09-20,18:17:19,1614,42°22'47.0463",21°10'12.3561",616.226,4693361.336,7514007.328,616.226,37.368,0,0°00'00",0°00'00",0.00000000,0.00000000,0,,0,0,-0,,,,263°47'25.2945",-0°56'32.4229"
559,e1,42°22'47.2025",21°10'13.9411",616.888,0.000,0.000,0.000,42°22'47.2025",21°10'13.9411",616.888,2.57,4693366.229,7514043.574,616.888,FIXED,27,31,1.25,0.006,0.008,1,2025-09-20,18:17:35,1614,42°22'47.0463",21°10'12.3561",616.226,4693361.336,7514007.328,616.226,36.725,0,0°00'00",0°00'00",0.00000000,0.00000000,0,,0,0,-0,,,,262°18'44.0363",-1°02'11.6077"
560,e1,42°22'47.2121",21°10'13.9019",616.854,0.000,0.000,0.000,42°22'47.2121",21°10'13.9019",616.854,2.57,4693366.521,7514042.678,616.854,FIXED,26,31,1.25,0.006,0.009,1,2025-09-20,18:17:38,1614,42°22'47.0463",21°10'12.3561",616.226,4693361.336,7514007.328,616.226,35.878,0,0°00'00",0°00'00",0.00000000,0.00000000,0,,0,0,-0,,,,261°39'21.5529",-1°00'23.8927"
561,e1,42°22'47.2715",21°10'13.8787",616.882,0.000,0.000,0.000,42°22'47.2715",21°10'13.8787",616.882,2.57,4693368.355,7514042.143,616.882,FIXED,26,29,1.25,0.006,0.009,1,2025-09-20,18:17:44,1614,42°22'47.0463",21°10'12.3561",616.226,4693361.336,7514007.328,616.226,35.669,0,0°00'00",0°00'00",0.00000000,0.00000000,0,,0,0,-0,,,,258°36'05.6481",-1°03'29.7061"
562,e1,42°22'47.2737",21°10'13.8526",616.809,0.000,0.000,0.000,42°22'47.2737",21°10'13.8526",616.809,2.57,4693368.422,7514041.545,616.809,FIXED,28,31,1.25,0.007,0.011,1,2025-09-20,18:17:47,1614,42°22'47.0463",21°10'12.3561",616.226,4693361.336,7514007.328,616.226,35.092,0,0°00'00",0°00'00",0.00000000,0.00000000,0,,0,0,-0,,,,258°18'01.0442",-0°57'19.9267"
563,e1,42°22'47.2736",21°10'13.8107",616.697,0.000,0.000,0.000,42°22'47.2736",21°10'13.8107",616.697,2.57,4693368.417,7514040.586,616.697,FIXED,27,30,1.25,0.007,0.011,1,2025-09-20,18:17:50,1614,42°22'47.0463",21°10'12.3561",616.226,4693361.336,7514007.328,616.226,34.146,0,0°00'00",0°00'00",0.00000000,0.00000000,0,,0,0,-0,,,,257°58'52.7372",-0°47'34.1961"
564,e1,42°22'47.2829",21°10'13.7986",616.743,0.000,0.000,0.000,42°22'47.2829",21°10'13.7986",616.743,2.57,4693368.701,7514040.310,616.743,FIXED,27,30,1.25,0.005,0.007,1,2025-09-20,18:17:52,1614,42°22'47.0463",21°10'12.3561",616.226,4693361.336,7514007.328,616.226,33.942,0,0°00'00",0°00'00",0.00000000,0.00000000,0,,0,0,-0,,,,257°24'43.8025",-0°52'36.7112"
565,e1,42°22'47.3152",21°10'13.8084",617.312,0.000,0.000,0.000,42°22'47.3152",21°10'13.8084",617.312,2.57,4693369.700,7514040.532,617.312,FIXED,28,31,1.11,0.007,0.011,1,2025-09-20,18:17:57,1614,42°22'47.0463",21°10'12.3561",616.226,4693361.336,7514007.328,616.226,34.443,0,0°00'00",0°00'00",0.00000000,0.00000000,0,,0,0,-0,,,,255°51'44.2777",-1°48'56.3383"
566,e1,42°22'47.3172",21°10'13.8052",617.433,0.000,0.000,0.000,42°22'47.3172",21°10'13.8052",617.433,2.57,4693369.762,7514040.458,617.433,FIXED,28,31,1.11,0.008,0.01,1,2025-09-20,18:17:59,1614,42°22'47.0463",21°10'12.3561",616.226,4693361.336,7514007.328,616.226,34.399,0,0°00'00",0°00'00",0.00000000,0.00000000,0,,0,0,-0,,,,255°43'52.422",-2°01'13.8957"
567,e1,42°22'47.3485",21°10'13.9154",617.194,0.000,0.000,0.000,42°22'47.3485",21°10'13.9154",617.194,2.57,4693370.731,7514042.976,617.194,FIXED,29,32,1.11,0.007,0.008,1,2025-09-20,18:18:06,1614,42°22'47.0463",21°10'12.3561",616.226,4693361.336,7514007.328,616.226,37.042,0,0°00'00",0°00'00",0.00000000,0.00000000,0,,0,0,-0,,,,255°14'07.5061",-1°30'09.5707"
568,Muri,42°22'47.3498",21°10'13.9872",616.883,0.000,0.000,0.000,42°22'47.3498",21°10'13.9872",616.883,2.57,4693370.775,7514044.620,616.883,FIXED,28,32,1.09,0.006,0.008,1,2025-09-20,18:19:00,1614,42°22'47.0463",21°10'12.3561",616.226,4693361.336,7514007.328,616.226,38.611,0,0°00'00",0°00'00",0.00000000,0.00000000,0,,0,0,-0,,,,255°47'45.2223",-0°58'43.3944"
569,Muri,42°22'47.6911",21°10'13.8522",617.125,0.000,0.000,0.000,42°22'47.6911",21°10'13.8522",617.125,2.57,4693381.298,7514041.511,617.125,FIXED,27,30,1.28,0.006,0.011,1,2025-09-20,18:20:14,1614,42°22'47.0463",21°10'12.3561",616.226,4693361.336,7514007.328,616.226,39.744,0,0°00'00",0°00'00",0.00000000,0.00000000,0,,0,0,-0,,,,239°42'59.023",-1°18'04.1087"
570,e1,42°22'47.5727",21°10'13.6400",616.853,0.000,0.000,0.000,42°22'47.5727",21°10'13.6400",616.853,2.57,4693377.635,7514036.665,616.853,FIXED,26,30,1.2,0.005,0.006,1,2025-09-20,18:20:28,1614,42°22'47.0463",21°10'12.3561",616.226,4693361.336,7514007.328,616.226,33.719,0,0°00'00",0°00'00",0.00000000,0.00000000,0,,0,0,-0,,,,240°56'42.0522",-1°04'09.8645"
571,e1,42°22'47.4590",21°10'13.2675",616.785,0.000,0.000,0.000,42°22'47.4590",21°10'13.2675",616.785,2.57,4693374.112,7514028.149,616.785,FIXED,26,30,1.36,0.01,0.02,1,2025-09-20,18:20:41,1614,42°22'47.0463",21°10'12.3561",616.226,4693361.336,7514007.328,616.226,24.633,0,0°00'00",0°00'00",0.00000000,0.00000000,0,,0,0,-0,,,,238°27'59.7457",-1°18'40.3889"
572,e1,42°22'47.4842",21°10'13.2533",616.881,0.000,0.000,0.000,42°22'47.4842",21°10'13.2533",616.881,2.57,4693374.886,7514027.825,616.881,FIXED,24,28,1.38,0.006,0.017,1,2025-09-20,18:20:46,1614,42°22'47.0463",21°10'12.3561",616.226,4693361.336,7514007.328,616.226,24.786,0,0°00'00",0°00'00",0.00000000,0.00000000,0,,0,0,-0,,,,236°31'56.2494",-1°31'30.8613"
573,Muri,42°22'47.5112",21°10'13.2526",616.881,0.000,0.000,0.000,42°22'47.5112",21°10'13.2526",616.881,2.57,4693375.720,7514027.806,616.881,FIXED,24,27,1.41,0.008,0.013,1,2025-09-20,18:20:55,1614,42°22'47.0463",21°10'12.3561",616.226,4693361.336,7514007.328,616.226,25.237,0,0°00'00",0°00'00",0.00000000,0.00000000,0,,0,0,-0,,,,234°54'57.1189",-1°29'57.8344"
574,e1,42°22'47.4823",21°10'13.2488",616.673,0.000,0.000,0.000,42°22'47.4823",21°10'13.2488",616.673,2.57,4693374.829,7514027.720,616.673,FIXED,23,27,1.41,0.006,0.012,1,2025-09-20,18:21:01,1614,42°22'47.0463",21°10'12.3561",616.226,4693361.336,7514007.328,616.226,24.642,0,0°00'00",0°00'00",0.00000000,0.00000000,0,,0,0,-0,,,,236°30'36.7606",-1°02'45.4595"
575,e1,42°22'47.5119",21°10'13.2301",616.884,0.000,0.000,0.000,42°22'47.5119",21°10'13.2301",616.884,2.57,4693375.741,7514027.290,616.884,FIXED,25,27,1.41,0.004,0.01,1,2025-09-20,18:21:22,1614,42°22'47.0463",21°10'12.3561",616.226,4693361.336,7514007.328,616.226,24.832,0,0°00'00",0°00'00",0.00000000,0.00000000,0,,0,0,-0,,,,234°11'12.6626",-1°31'49.0504"
576,e1,42°22'47.3068",21°10'12.6476",616.906,0.000,0.000,0.000,42°22'47.3068",21°10'12.6476",616.906,2.57,4693369.386,7514013.979,616.906,FIXED,23,26,1.48,0.038,0.05,1,2025-09-20,18:21:40,1614,42°22'47.0463",21°10'12.3561",616.226,4693361.336,7514007.328,616.226,10.938,0,0°00'00",0°00'00",0.00000000,0.00000000,0,,0,0,-0,,,,219°33'56.016",-3°42'58.7276"
577,e1,42°22'47.2824",21°10'12.5181",617.438,0.000,0.000,0.000,42°22'47.2824",21°10'12.5181",617.438,2.57,4693368.627,7514011.020,617.438,FIXED,21,24,1.6,0.05,0.068,1,2025-09-20,18:21:46,1614,42°22'47.0463",21°10'12.3561",616.226,4693361.336,7514007.328,616.226,9.006,0,0°00'00",0°00'00",0.00000000,0.00000000,0,,0,0,-0,,,,206°51'24.5392",-8°20'31.2248"
578,e1,42°22'47.3005",21°10'12.5212",617.653,0.000,0.000,0.000,42°22'47.3005",21°10'12.5212",617.653,2.57,4693369.185,7514011.088,617.653,FIXED,21,24,1.64,0.07,0.061,1,2025-09-20,18:21:49,1614,42°22'47.0463",21°10'12.3561",616.226,4693361.336,7514007.328,616.226,9.578,0,0°00'00",0°00'00",0.00000000,0.00000000,0,,0,0,-0,,,,205°36'01.8576",-9°11'12.3121"
579,e2,42°22'47.3004",21°10'12.5288",618.210,0.000,0.000,0.000,42°22'47.3004",21°10'12.5288",618.210,2.57,4693369.183,7514011.263,618.210,FIXED,18,21,1.64,0.06,0.08,1,2025-09-20,18:21:55,1614,42°22'47.0463",21°10'12.3561",616.226,4693361.336,7514007.328,616.226,9.891,0,0°00'00",0°00'00",0.00000000,0.00000000,0,,0,0,-0,,,,206°38'10.2339",-12°25'50.9574"
580,e2,42°22'47.2828",21°10'12.4723",617.352,0.000,0.000,0.000,42°22'47.2828",21°10'12.4723",617.352,2.57,4693368.638,7514009.971,617.352,FIXED,17,21,1.49,0.07,0.095,1,2025-09-20,18:22:08,1614,42°22'47.0463",21°10'12.3561",616.226,4693361.336,7514007.328,616.226,8.601,0,0°00'00",0°00'00",0.00000000,0.00000000,0,,0,0,-0,,,,199°54'09.7007",-8°09'41.9583"
581,e2,42°22'47.2893",21°10'12.4764",617.665,0.000,0.000,0.000,42°22'47.2893",21°10'12.4764",617.665,2.57,4693368.838,7514010.065,617.665,FIXED,19,22,1.58,0.073,0.098,1,2025-09-20,18:22:12,1614,42°22'47.0463",21°10'12.3561",616.226,4693361.336,7514007.328,616.226,8.937,0,0°00'00",0°00'00",0.00000000,0.00000000,0,,0,0,-0,,,,200°02'53.2955",-10°03'22.0167"
582,e2,42°22'47.2947",21°10'12.4754",617.868,0.000,0.000,0.000,42°22'47.2947",21°10'12.4754",617.868,2.57,4693369.004,7514010.041,617.868,FIXED,17,22,1.68,0.005,0.005,1,2025-09-20,18:22:16,1614,42°22'47.0463",21°10'12.3561",616.226,4693361.336,7514007.328,616.226,9.161,0,0°00'00",0°00'00",0.00000000,0.00000000,0,,0,0,-0,,,,199°28'59.3736",-11°11'23.067"
583,rampa,42°22'46.9729",21°10'11.9558",616.153,0.000,0.000,0.000,42°22'46.9729",21°10'11.9558",616.153,2.57,4693359.052,7513998.176,616.153,FIXED,27,30,1.17,0.004,0.006,1,2025-09-20,18:25:06,1614,42°22'47.0463",21°10'12.3561",616.226,4693361.336,7514007.328,616.226,9.759,0,0°00'00",0°00'00",0.00000000,0.00000000,0,,0,0,-0,,,,75°59'05.4593",0°26'29.383"
584,rampa,42°22'47.0330",21°10'11.8428",616.620,0.000,0.000,0.000,42°22'47.0330",21°10'11.8428",616.620,2.57,4693360.904,7513995.586,616.620,FIXED,26,29,1.16,0.006,0.01,1,2025-09-20,18:25:11,1614,42°22'47.0463",21°10'12.3561",616.226,4693361.336,7514007.328,616.226,12.12,0,0°00'00",0°00'00",0.00000000,0.00000000,0,,0,0,-0,,,,87°53'23.0439",-1°55'10.6782"
585,rampa,42°22'46.8133",21°10'11.5086",618.076,0.000,0.000,0.000,42°22'46.8133",21°10'11.5086",618.076,2.57,4693354.108,7513987.956,618.076,FIXED,28,30,1.09,0.005,0.008,1,2025-09-20,18:25:23,1614,42°22'47.0463",21°10'12.3561",616.226,4693361.336,7514007.328,616.226,21.147,0,0°00'00",0°00'00",0.00000000,0.00000000,0,,0,0,-0,,,,69°32'15.6146",-5°05'25.8833"
586,rampa,42°22'46.7948",21°10'11.4461",618.213,0.000,0.000,0.000,42°22'46.7948",21°10'11.4461",618.213,2.57,4693353.535,7513986.526,618.213,FIXED,28,31,1.09,0.004,0.006,1,2025-09-20,18:25:26,1614,42°22'47.0463",21°10'12.3561",616.226,4693361.336,7514007.328,616.226,22.683,0,0°00'00",0°00'00",0.00000000,0.00000000,0,,0,0,-0,,,,69°26'34.0461",-5°05'20.3546"
587,rampa,42°22'46.8648",21°10'11.3743",618.195,0.000,0.000,0.000,42°22'46.8648",21°10'11.3743",618.195,2.57,4693355.690,7513984.881,618.195,FIXED,27,31,1.1,0.005,0.008,1,2025-09-20,18:25:30,1614,42°22'47.0463",21°10'12.3561",616.226,4693361.336,7514007.328,616.226,23.591,0,0°00'00",0°00'00",0.00000000,0.00000000,0,,0,0,-0,,,,75°52'52.8668",-4°50'35.3462"
588,rampa,42°22'46.8216",21°10'11.2692",618.437,0.000,0.000,0.000,42°22'46.8216",21°10'11.2692",618.437,2.57,4693354.355,7513982.480,618.437,FIXED,27,31,1.09,0.004,0.008,1,2025-09-20,18:25:34,1614,42°22'47.0463",21°10'12.3561",616.226,4693361.336,7514007.328,616.226,26.253,0,0°00'00",0°00'00",0.00000000,0.00000000,0,,0,0,-0,,,,74°18'25.0015",-4°52'37.943"
589,e2,42°22'46.8526",21°10'11.2484",618.538,0.000,0.000,0.000,42°22'46.8526",21°10'11.2484",618.538,2.57,4693355.311,7513982.002,618.538,FIXED,26,31,1.1,0.005,0.007,1,2025-09-20,18:25:40,1614,42°22'47.0463",21°10'12.3561",616.226,4693361.336,7514007.328,616.226,26.491,0,0°00'00",0°00'00",0.00000000,0.00000000,0,,0,0,-0,,,,76°37'01.5677",-5°03'12.8799"
590,e2,42°22'46.8747",21°10'11.2479",618.519,0.000,0.000,0.000,42°22'46.8747",21°10'11.2479",618.519,2.57,4693355.992,7513981.990,618.519,FIXED,26,31,1.1,0.004,0.006,1,2025-09-20,18:25:44,1614,42°22'47.0463",21°10'12.3561",616.226,4693361.336,7514007.328,616.226,26.353,0,0°00'00",0°00'00",0.00000000,0.00000000,0,,0,0,-0,,,,78°05'19.6861",-5°02'25.1388"
591,e2,42°22'47.0156",21°10'11.6754",618.514,0.000,0.000,0.000,42°22'47.0156",21°10'11.6754",618.514,2.57,4693360.357,7513991.759,618.514,FIXED,26,30,1.16,0.005,0.007,1,2025-09-20,18:25:55,1614,42°22'47.0463",21°10'12.3561",616.226,4693361.336,7514007.328,616.226,16.341,0,0°00'00",0°00'00",0.00000000,0.00000000,0,,0,0,-0,,,,86°24'03.0211",-8°15'21.8959"
592,e2,42°22'47.0373",21°10'11.7314",618.400,0.000,0.000,0.000,42°22'47.0373",21°10'11.7314",618.400,2.57,4693361.031,7513993.038,618.400,FIXED,24,28,1.16,0.006,0.009,1,2025-09-20,18:26:01,1614,42°22'47.0463",21°10'12.3561",616.226,4693361.336,7514007.328,616.226,15.062,0,0°00'00",0°00'00",0.00000000,0.00000000,0,,0,0,-0,,,,88°46'35.3566",-8°33'06.9737"
593,e2,42°22'47.0656",21°10'11.8260",618.344,0.000,0.000,0.000,42°22'47.0656",21°10'11.8260",618.344,2.57,4693361.907,7513995.202,618.344,FIXED,24,28,1.2,0.03,0.044,1,2025-09-20,18:26:09,1614,42°22'47.0463",21°10'12.3561",616.226,4693361.336,7514007.328,616.226,13.015,0,0°00'00",0°00'00",0.00000000,0.00000000,0,,0,0,-0,,,,92°41'34.2214",-9°45'09.2879"
594,e2,42°22'47.0895",21°10'11.9082",618.471,0.000,0.000,0.000,42°22'47.0895",21°10'11.9082",618.471,2.57,4693362.649,7513997.080,618.471,FIXED,22,27,1.45,0.042,0.06,1,2025-09-20,18:26:17,1614,42°22'47.0463",21°10'12.3561",616.226,4693361.336,7514007.328,616.226,11.4,0,0°00'00",0°00'00",0.00000000,0.00000000,0,,0,0,-0,,,,97°18'09.0561",-11°59'14.7262"
595,e2,42°22'47.1196",21°10'11.9812",618.175,0.000,0.000,0.000,42°22'47.1196",21°10'11.9812",618.175,2.57,4693363.579,7513998.749,618.175,FIXED,22,28,1.52,0.047,0.067,1,2025-09-20,18:26:21,1614,42°22'47.0463",21°10'12.3561",616.226,4693361.336,7514007.328,616.226,9.954,0,0°00'00",0°00'00",0.00000000,0.00000000,0,,0,0,-0,,,,104°39'02.704",-12°06'49.0338"
596,e2,42°22'47.1384",21°10'12.0216",618.203,0.000,0.000,0.000,42°22'47.1384",21°10'12.0216",618.203,2.57,4693364.162,7513999.671,618.203,FIXED,22,28,1.33,0.052,0.073,1,2025-09-20,18:26:24,1614,42°22'47.0463",21°10'12.3561",616.226,4693361.336,7514007.328,616.226,9.344,0,0°00'00",0°00'00",0.00000000,0.00000000,0,,0,0,-0,,,,110°15'17.6591",-13°14'52.7642"
597,e2,42°22'46.8249",21°10'11.1587",618.474,0.000,0.000,0.000,42°22'46.8249",21°10'11.1587",618.474,2.57,4693354.452,7513979.952,618.474,FIXED,25,27,1.1,0.004,0.007,1,2025-09-20,18:26:51,1614,42°22'47.0463",21°10'12.3561",616.226,4693361.336,7514007.328,616.226,28.642,0,0°00'00",0°00'00",0.00000000,0.00000000,0,,0,0,-0,,,,75°53'04.0945",-4°32'18.5044"
598,e2,42°22'46.7950",21°10'11.1545",618.571,0.000,0.000,0.000,42°22'46.7950",21°10'11.1545",618.571,2.57,4693353.528,7513979.857,618.571,FIXED,25,27,1.15,0.004,0.006,1,2025-09-20,18:26:53,1614,42°22'47.0463",21°10'12.3561",616.226,4693361.336,7514007.328,616.226,28.984,0,0°00'00",0°00'00",0.00000000,0.00000000,0,,0,0,-0,,,,74°07'55.844",-4°40'40.3296"
599,e2,42°22'46.7140",21°10'11.2132",618.531,0.000,0.000,0.000,42°22'46.7140",21°10'11.2132",618.531,2.57,4693351.031,7513981.206,618.531,FIXED,25,27,1.15,0.004,0.007,1,2025-09-20,18:26:57,1614,42°22'47.0463",21°10'12.3561",616.226,4693361.336,7514007.328,616.226,28.507,0,0°00'00",0°00'00",0.00000000,0.00000000,0,,0,0,-0,,,,68°28'11.6701",-4°40'31.1019"
600,e2,42°22'46.6640",21°10'11.2674",618.529,0.000,0.000,0.000,42°22'46.6640",21°10'11.2674",618.529,2.57,4693349.491,7513982.448,618.529,FIXED,25,28,1.14,0.005,0.008,1,2025-09-20,18:27:00,1614,42°22'47.0463",21°10'12.3561",616.226,4693361.336,7514007.328,616.226,27.988,0,0°00'00",0°00'00",0.00000000,0.00000000,0,,0,0,-0,,,,64°32'27.0759",-4°45'33.5786"
601,e2,42°22'46.7348",21°10'11.3750",618.584,0.000,0.000,0.000,42°22'46.7348",21°10'11.3750",618.584,2.57,4693351.682,7513984.905,618.584,FIXED,25,28,1.1,0.006,0.011,1,2025-09-20,18:27:04,1614,42°22'47.0463",21°10'12.3561",616.226,4693361.336,7514007.328,616.226,24.91,0,0°00'00",0°00'00",0.00000000,0.00000000,0,,0,0,-0,,,,66°42'16.493",-5°29'23.6172"
602,e2,42°22'46.7760",21°10'11.5003",618.432,0.000,0.000,0.000,42°22'46.7760",21°10'11.5003",618.432,2.57,4693352.959,7513987.769,618.432,FIXED,28,31,1.09,0.006,0.012,1,2025-09-20,18:27:08,1614,42°22'47.0463",21°10'12.3561",616.226,4693361.336,7514007.328,616.226,21.811,0,0°00'00",0°00'00",0.00000000,0.00000000,0,,0,0,-0,,,,66°48'47.3694",-5°53'14.3207"
603,e2,42°22'46.6626",21°10'11.5979",618.413,0.000,0.000,0.000,42°22'46.6626",21°10'11.5979",618.413,2.57,4693349.465,7513990.008,618.413,FIXED,28,31,1.09,0.004,0.009,1,2025-09-20,18:27:14,1614,42°22'47.0463",21°10'12.3561",616.226,4693361.336,7514007.328,616.226,21.534,0,0°00'00",0°00'00",0.00000000,0.00000000,0,,0,0,-0,,,,55°34'18.2374",-5°54'51.35"
604,e2,42°22'46.8774",21°10'12.0105",618.298,0.000,0.000,0.000,42°22'46.8774",21°10'12.0105",618.298,2.57,4693356.109,7513999.432,618.298,FIXED,28,32,1.09,0.004,0.007,1,2025-09-20,18:27:27,1614,42°22'47.0463",21°10'12.3561",616.226,4693361.336,7514007.328,616.226,10.548,0,0°00'00",0°00'00",0.00000000,0.00000000,0,,0,0,-0,,,,56°29'41.0075",-12°03'57.4909"
605,e2,42°22'46.8952",21°10'12.1513",618.345,0.000,0.000,0.000,42°22'46.8952",21°10'12.1513",618.345,2.57,4693356.663,7514002.653,618.345,FIXED,27,32,1.1,0.007,0.012,1,2025-09-20,18:27:32,1614,42°22'47.0463",21°10'12.3561",616.226,4693361.336,7514007.328,616.226,8.105,0,0°00'00",0°00'00",0.00000000,0.00000000,0,,0,0,-0,,,,45°00'36.1321",-16°58'26.9991"
606,e2,42°22'46.8985",21°10'12.1631",618.376,0.000,0.000,0.000,42°22'46.8985",21°10'12.1631",618.376,2.57,4693356.768,7514002.921,618.376,FIXED,27,32,1.1,0.006,0.011,1,2025-09-20,18:27:34,1614,42°22'47.0463",21°10'12.3561",616.226,4693361.336,7514007.328,616.226,7.911,0,0°00'00",0°00'00",0.00000000,0.00000000,0,,0,0,-0,,,,43°57'58.3138",-17°47'12.5514"
607,e2,42°22'46.8018",21°10'12.2349",618.351,0.000,0.000,0.000,42°22'46.8018",21°10'12.2349",618.351,2.57,4693353.786,7514004.570,618.351,FIXED,28,32,1.09,0.005,0.008,1,2025-09-20,18:27:39,1614,42°22'47.0463",21°10'12.3561",616.226,4693361.336,7514007.328,616.226,9.309,0,0°00'00",0°00'00",0.00000000,0.00000000,0,,0,0,-0,,,,20°03'50.6054",-14°19'57.69"
608,e2,42°22'46.6812",21°10'12.1303",618.304,0.000,0.000,0.000,42°22'46.6812",21°10'12.1303",618.304,2.57,4693350.063,7514002.185,618.304,FIXED,28,32,1.09,0.006,0.01,1,2025-09-20,18:27:44,1614,42°22'47.0463",21°10'12.3561",616.226,4693361.336,7514007.328,616.226,13.236,0,0°00'00",0°00'00",0.00000000,0.00000000,0,,0,0,-0,,,,24°31'12.1161",-9°23'16.5187"
609,e2,42°22'46.5292",21°10'12.1773",618.433,0.000,0.000,0.000,42°22'46.5292",21°10'12.1773",618.433,2.57,4693345.374,7514003.270,618.433,FIXED,28,30,1.1,0.005,0.008,1,2025-09-20,18:27:49,1614,42°22'47.0463",21°10'12.3561",616.226,4693361.336,7514007.328,616.226,17.152,0,0°00'00",0°00'00",0.00000000,0.00000000,0,,0,0,-0,,,,14°15'48.8675",-7°33'55.0895"
610,e2,42°22'46.4023",21°10'12.2050",618.585,0.000,0.000,0.000,42°22'46.4023",21°10'12.2050",618.585,2.57,4693341.460,7514003.911,618.585,FIXED,27,31,1.11,0.008,0.009,1,2025-09-20,18:27:54,1614,42°22'47.0463",21°10'12.3561",616.226,4693361.336,7514007.328,616.226,20.765,0,0°00'00",0°00'00",0.00000000,0.00000000,0,,0,0,-0,,,,9°45'11.6503",-6°37'37.1881"
611,e2,42°22'46.4406",21°10'12.3280",618.532,0.000,0.000,0.000,42°22'46.4406",21°10'12.3280",618.532,2.57,4693342.647,7514006.722,618.532,FIXED,27,31,1.13,0.007,0.008,1,2025-09-20,18:28:10,1614,42°22'47.0463",21°10'12.3561",616.226,4693361.336,7514007.328,616.226,19.328,0,0°00'00",0°00'00",0.00000000,0.00000000,0,,0,0,-0,,,,1°51'21.4744",-6°58'32.2563"
612,e2,42°22'46.4515",21°10'12.3231",618.453,0.000,0.000,0.000,42°22'46.4515",21°10'12.3231",618.453,2.57,4693342.984,7514006.610,618.453,FIXED,27,31,1.12,0.009,0.011,1,2025-09-20,18:28:13,1614,42°22'47.0463",21°10'12.3561",616.226,4693361.336,7514007.328,616.226,18.986,0,0°00'00",0°00'00",0.00000000,0.00000000,0,,0,0,-0,,,,2°14'17.8124",-6°51'50.1947"
613,e2,42°22'46.5273",21°10'12.3722",618.483,0.000,0.000,0.000,42°22'46.5273",21°10'12.3722",618.483,2.57,4693345.325,7514007.727,618.483,FIXED,25,28,1.11,0.007,0.008,1,2025-09-20,18:28:18,1614,42°22'47.0463",21°10'12.3561",616.226,4693361.336,7514007.328,616.226,16.73,0,0°00'00",0°00'00",0.00000000,0.00000000,0,,0,0,-0,,,,358°34'18.0635",-7°56'32.719"
614,e2,42°22'46.6396",21°10'12.3458",618.016,0.000,0.000,0.000,42°22'46.6396",21°10'12.3458",618.016,2.57,4693348.788,7514007.118,618.016,FIXED,26,29,1.11,0.005,0.007,1,2025-09-20,18:28:26,1614,42°22'47.0463",21°10'12.3561",616.226,4693361.336,7514007.328,616.226,13.288,0,0°00'00",0°00'00",0.00000000,0.00000000,0,,0,0,-0,,,,0°57'31.428",-8°02'13.5193"
615,Piloti,42°22'46.4541",21°10'12.3950",618.270,0.000,0.000,0.000,42°22'46.4541",21°10'12.3950",618.270,2.57,4693343.066,7514008.253,618.270,FIXED,26,29,1.15,0.006,0.006,1,2025-09-20,18:28:47,1614,42°22'47.0463",21°10'12.3561",616.226,4693361.336,7514007.328,616.226,18.87,0,0°00'00",0°00'00",0.00000000,0.00000000,0,,0,0,-0,,,,357°05'58.552",-6°20'10.3956"
616,Piloti,42°22'46.4892",21°10'12.4647",618.259,0.000,0.000,0.000,42°22'46.4892",21°10'12.4647",618.259,2.57,4693344.152,7514009.846,618.259,FIXED,24,27,1.15,0.009,0.01,1,2025-09-20,18:28:52,1614,42°22'47.0463",21°10'12.3561",616.226,4693361.336,7514007.328,616.226,17.971,0,0°00'00",0°00'00",0.00000000,0.00000000,0,,0,0,-0,,,,351°39'48.1885",-6°37'46.8337"
617,Piloti,42°22'46.4766",21°10'12.4724",618.279,0.000,0.000,0.000,42°22'46.4766",21°10'12.4724",618.279,2.57,4693343.763,7514010.022,618.279,FIXED,24,27,1.21,0.009,0.01,1,2025-09-20,18:28:54,1614,42°22'47.0463",21°10'12.3561",616.226,4693361.336,7514007.328,616.226,18.373,0,0°00'00",0°00'00",0.00000000,0.00000000,0,,0,0,-0,,,,351°16'54.4796",-6°32'35.5771"
618,Piloti,42°22'46.6497",21°10'12.9712",617.989,0.000,0.000,0.000,42°22'46.6497",21°10'12.9712",617.989,2.57,4693349.128,7514021.422,617.989,FIXED,24,29,1.35,0.048,0.06,2,2025-09-20,18:29:11,1614,42°22'47.0463",21°10'12.3561",616.226,4693361.336,7514007.328,616.226,19.147,0,0°00'00",0°00'00",0.00000000,0.00000000,0,,0,0,-0,,,,310°53'59.2222",-5°22'36.0199"
619,Piloti,42°22'46.6422",21°10'12.9725",618.426,0.000,0.000,0.000,42°22'46.6422",21°10'12.9725",618.426,2.57,4693348.897,7514021.453,618.426,FIXED,24,29,1.56,0.053,0.065,1,2025-09-20,18:29:14,1614,42°22'47.0463",21°10'12.3561",616.226,4693361.336,7514007.328,616.226,19.42,0,0°00'00",0°00'00",0.00000000,0.00000000,0,,0,0,-0,,,,311°22'11.7936",-6°37'17.3675"
620,Piloti,42°22'46.6292",21°10'12.9845",618.418,0.000,0.000,0.000,42°22'46.6292",21°10'12.9845",618.418,2.57,4693348.496,7514021.727,618.418,FIXED,22,28,1.56,0.055,0.068,1,2025-09-20,18:29:16,1614,42°22'47.0463",21°10'12.3561",616.226,4693361.336,7514007.328,616.226,19.876,0,0°00'00",0°00'00",0.00000000,0.00000000,0,,0,0,-0,,,,311°43'21.6385",-6°26'27.7489"
621,Piloti,42°22'46.9640",21°10'14.0973",618.528,0.000,0.000,0.000,42°22'46.9640",21°10'14.0973",618.528,2.57,4693358.878,7514047.162,618.528,FIXED,25,29,1.21,0.006,0.011,1,2025-09-20,18:29:58,1614,42°22'47.0463",21°10'12.3561",616.226,4693361.336,7514007.328,616.226,40.214,0,0°00'00",0°00'00",0.00000000,0.00000000,0,,0,0,-0,,,,273°31'55.2764",-3°17'44.1864"
622,Piloti,42°22'46.9475",21°10'14.1054",618.557,0.000,0.000,0.000,42°22'46.9475",21°10'14.1054",618.557,2.57,4693358.369,7514047.349,618.557,FIXED,27,31,1.23,0.005,0.009,1,2025-09-20,18:30:02,1614,42°22'47.0463",21°10'12.3561",616.226,4693361.336,7514007.328,616.226,40.437,0,0°00'00",0°00'00",0.00000000,0.00000000,0,,0,0,-0,,,,274°14'23.2084",-3°19'06.5093"
623,Piloti,42°22'46.9563",21°10'14.0429",617.958,0.000,0.000,0.000,42°22'46.9563",21°10'14.0429",617.958,2.57,4693358.636,7514045.919,617.958,FIXED,26,29,1.21,0.01,0.019,1,2025-09-20,18:30:08,1614,42°22'47.0463",21°10'12.3561",616.226,4693361.336,7514007.328,616.226,38.931,0,0°00'00",0°00'00",0.00000000,0.00000000,0,,0,0,-0,,,,274°00'07.6727",-2°33'37.5904"
624,Piloti,42°22'46.9505",21°10'14.0471",618.529,0.000,0.000,0.000,42°22'46.9505",21°10'14.0471",618.529,2.57,4693358.457,7514046.014,618.529,FIXED,27,30,1.21,0.006,0.01,1,2025-09-20,18:30:12,1614,42°22'47.0463",21°10'12.3561",616.226,4693361.336,7514007.328,616.226,39.105,0,0°00'00",0°00'00",0.00000000,0.00000000,0,,0,0,-0,,,,274°15'24.721",-3°23'27.0092"
625,Piloti,42°22'46.9329",21°10'14.0567",618.507,0.000,0.000,0.000,42°22'46.9329",21°10'14.0567",618.507,2.57,4693357.914,7514046.235,618.507,FIXED,28,31,1.22,0.006,0.011,1,2025-09-20,18:30:15,1614,42°22'47.0463",21°10'12.3561",616.226,4693361.336,7514007.328,616.226,39.365,0,0°00'00",0°00'00",0.00000000,0.00000000,0,,0,0,-0,,,,275°01'35.5047",-3°20'10.2294"
